Pior da 9ª execução,101.6475
Melhor da 9ª execução,103.46000000000002
Média da 9ª execução,102.45250000000001
Desvio padrão da 9ª execução,0.4427086384431543
Quantidade de temporadas,1
Quantidade de time,5
Jogador por time,11
Melhor individuo da 9ª execução,"[101.6475, [1, 0, 1, 0, 1, 1, 1, 0, 0, 1, 0, 0, 0, 0, 0, 0, 1, 1, 0, 0, 0, 0, 0, 0, 0, 1, 1, 0, 0, 1, 1, 1, 1, 1, 0, 1, 0, 0, 0, 0, 1, 0, 0, 1, 1, 1, 1, 1, 1, 1, 0, 1, 0, 1, 0, 0, 0, 1, 1, 0, 1, 1, 1, 0, 1, 1, 1, 0, 1, 1, 1, 1, 0, 0, 1, 0, 0, 0, 0, 1, 1, 1, 0, 0, 0, 1, 0, 1, 1, 1, 1, 1, 1, 1, 1, 1, 0, 0, 0, 1, 1, 1, 1, 0, 0, 1, 0, 0, 0, 1, 0, 1, 1, 1, 1, 1, 1, 0, 0, 0, 0, 1, 1, 1, 0, 1, 0, 0, 1, 1, 0, 0, 1, 1, 0, 1, 0, 0, 0, 0, 0, 0, 0, 1, 1, 1, 1, 1, 1, 0, 1, 1, 1, 0, 1, 1, 1, 0, 1, 0, 1, 1, 1, 1, 1, 0, 1, 1, 1, 1, 0, 0, 0], [81, 171, 98, 3, 151, 119, 149, 52, 92, 8, 23, 56, 136, 63, 111, 157, 137, 64, 124, 99, 34, 77, 101, 6, 28, 145, 96, 163, 160, 121, 45, 10, 169, 93, 79, 26, 15, 13, 11, 143, 68, 86, 118, 42, 36, 84, 73, 76, 47, 62, 114, 29, 129, 55, 31, 72, 7, 58, 147, 51, 71, 85, 107, 110, 89, 130, 172, 170, 139, 109, 37, 141, 103, 155, 27, 40, 127, 88, 91, 133, 67, 35, 154, 44, 166, 57, 104, 78, 32, 105, 33, 97, 134, 102, 66, 59, 48, 135, 25, 94, 115, 168, 49, 50, 158, 75, 120, 126, 167, 18, 112, 148, 128, 162, 9, 83, 53, 106, 87, 46, 90, 131, 95, 16, 21, 60, 153, 14, 173, 108, 70, 140, 69, 138, 159, 19, 100, 116, 65, 125, 54, 144, 61, 41, 22, 17, 164, 80, 24, 117, 1, 146, 122, 38, 165, 142, 5, 12, 113, 74, 30, 132, 2, 4, 123, 82, 43, 156, 150, 39, 152, 20, 161], 7]"
Tempo de execução,16521.38
