Pior da 1ª execução,71.7125
Melhor da 1ª execução,70.64000000000001
Média da 1ª execução,71.1125
Desvio padrão da 1ª execução,0.2618124473277722
Quantidade de temporadas,1
Quantidade de time,5
Jogador por time,11
Melhor individuo da 1ª execução,"[70.64000000000001, [1, 0, 0, 1, 1, 1, 0, 0, 0, 0, 0, 1, 0, 1, 1, 0, 1, 0, 1, 1, 1, 0, 1, 0, 1, 1, 1, 0, 1, 1, 0, 0, 1, 1, 1, 0, 1, 0], [20, 13, 38, 16, 1, 26, 7, 37, 19, 12, 28, 22, 2, 11, 15, 25, 24, 14, 31, 33, 21, 6, 35, 23, 36, 5, 10, 9, 17, 32, 29, 30, 4, 18, 27, 3, 8, 34], 7]"
Tempo de execução,28.02
